{"name":"OpeningHours","identifier":"7O02W1HMCC","description":null,"parentIntentSignature":"AMAZON.BedrockAgentIntent","sampleUtterances":[{"utterance":"¿A qué hora abren?"},{"utterance":"Horarios de atención"},{"utterance":"¿Hasta qué hora atienden hoy?"}],"intentConfirmationSetting":null,"intentClosingSetting":null,"inputContexts":null,"outputContexts":null,"kendraConfiguration":null,"qnAIntentConfiguration":null,"bedrockAgentIntentConfiguration":{"bedrockAgentConfiguration":null,"bedrockAgentIntentKnowledgeBaseConfiguration":{"bedrockModelConfiguration":{"modelArn":"arn:aws:bedrock:us-east-1::foundation-model/anthropic.claude-v2","customPrompt":null,"bedrockGuardrailConfiguration":null,"bedrockTraceStatus":null},"bedrockKnowledgeBaseArn":"arn:aws:bedrock:us-east-1:654654520205:knowledge-base/CQMYDFZNL6"}},"qInConnectIntentConfiguration":null,"dialogCodeHook":null,"fulfillmentCodeHook":{"isActive":true,"postFulfillmentStatusSpecification":{"failureResponse":null,"failureNextStep":{"sessionAttributes":null,"intent":null,"dialogAction":{"type":"EndConversation","slotToElicit":null,"suppressNextMessage":null,"intentsInScope":null}},"successResponse":{"messageGroupsList":[{"message":{"ssmlMessage":null,"customPayload":null,"plainTextMessage":{"value":"((x-amz-lex:bedrock-agent-search-response))"},"imageResponseCard":null},"variations":null}],"allowInterrupt":true},"successNextStep":{"sessionAttributes":null,"intent":null,"dialogAction":{"type":"ElicitIntent","slotToElicit":null,"suppressNextMessage":null,"intentsInScope":null}},"timeoutResponse":null,"timeoutNextStep":{"sessionAttributes":null,"intent":null,"dialogAction":{"type":"EndConversation","slotToElicit":null,"suppressNextMessage":null,"intentsInScope":null}}},"fulfillmentUpdatesSpecification":null,"enabled":false},"slotPriorities":[]}